Country Name,Country Code,Indicator Name,Indicator Code,1960,1961,1962,1963,1964,1965,1966,1967,1968,1969,1970,1971,1972,1973,1974,1975,1976,1977,1978,1979,1980,1981,1982,1983,1984,1985,1986,1987,1988,1989,1990,1991,1992,1993,1994,1995,1996,1997,1998,1999,2000,2001,2002,2003,2004,2005,2006,2007,2008,2009,2010,2011,2012,2013,2014,2015,2016,2017,2018,2019,2020,2021
Aruba,ABW,"Educational attainment, at least completed upper secondary, population 25+, female (%) (cumulative)",SE.SEC.CUAT.UP.FE.ZS,,,,,,,,,,,,,,,,,,,,,,,,,,,,,,,,5.489759922,,,,,,,,,14.74586964,,,,,,,,,,32.07458878,,,,,,,,,,,
Africa Eastern and Southern,AFE,"Educational attainment, at least completed upper secondary, population 25+, female (%) (cumulative)",SE.SEC.CUAT.UP.FE.ZS,,,,,,,,,,,,,,,,,,,,,,,,,,,,,,,,,,,,,,,,,,,,,,,,,,,,,,,,,,,,,,
Afghanistan,AFG,"Educational attainment, at least completed upper secondary, population 25+, female (%) (cumulative)",SE.SEC.CUAT.UP.FE.ZS,,,,,,,,,,,,,,,,1.100000024,,,,,,,,,,,,,,,,,,,,,,,,,,,,,,,,,,,,,,,,,,,,,,5.196119785
Africa Western and Central,AFW,"Educational attainment, at least completed upper secondary, population 25+, female (%) (cumulative)",SE.SEC.CUAT.UP.FE.ZS,,,,,,,,,,,,,,,,,,,,,,,,,,,,,,,,,,,,,,,,,,,,,,,,,,,,,,,,,,,,,,
Angola,AGO,"Educational attainment, at least completed upper secondary, population 25+, female (%) (cumulative)",SE.SEC.CUAT.UP.FE.ZS,,,,,,,,,,,,,,,,,,,,,,,,,,,,,,,,,,,,,,,,,,,,,,,,,,,,,,,12.29259968,,,,,,,
Albania,ALB,"Educational attainment, at least completed upper secondary, population 25+, female (%) (cumulative)",SE.SEC.CUAT.UP.FE.ZS,,,,,,,,,,,,,,,,,,,,,,,,,,,,,,,,,,,,,,,,,,32.11785126,,,,,,,35.29288101,,,38.72537994,44.49150085,,,,,,,,,
Andorra,AND,"Educational attainment, at least completed upper secondary, population 25+, female (%) (cumulative)",SE.SEC.CUAT.UP.FE.ZS,,,,,,,,,,,,,,,,,,,,,,,,,,,,,,,,,,,,,,,,,,,,42.77511978,51.4503212,43.96920013,50.27360916,,,,,,,,47.59347916,47.28155136,47.03562927,,,,,
Arab World,ARB,"Educational attainment, at least completed upper secondary, population 25+, female (%) (cumulative)",SE.SEC.CUAT.UP.FE.ZS,,,,,,,,,,,,,,,,,,,,,,,,,,,,,,,,,,,,,,,,,,,,,,,,,,,,,,,,,,,,,,
United Arab Emirates,ARE,"Educational attainment, at least completed upper secondary, population 25+, female (%) (cumulative)",SE.SEC.CUAT.UP.FE.ZS,,,,,,,,,,,,,,,,,,,,,,,,,,,,,,,,,,,,,,,,,,,,,,59.85364914,,,,,,,,,,,,64.56983948,65.53578949,71.31308746,,
Argentina,ARG,"Educational attainment, at least completed upper secondary, population 25+, female (%) (cumulative)",SE.SEC.CUAT.UP.FE.ZS,,,,,,,,,,,,,,,,,,,,,,,,,,,,,,,,,,,,,,,,,,35.93769073,,43.90618134,,,,,,,,,,,,,,,,,,
Armenia,ARM,"Educational attainment, at least completed upper secondary, population 25+, female (%) (cumulative)",SE.SEC.CUAT.UP.FE.ZS,,,,,,,,,,,,,,,,,,,,,,,,,,,,,,,,,,,,,,,,,,81.0700531,,,,,,,,,,90.36633301,,,,92.04399109,,90.22908783,,,89.96639252,
American Samoa,ASM,"Educational attainment, at least completed upper secondary, population 25+, female (%) (cumulative)",SE.SEC.CUAT.UP.FE.ZS,,,,,,,,,,,,,,,31.02666092,,,,,,37.40000153,,,,,,,,,,,,,,,,,,,,,,,,,,,,,,,,,,,,,,,,,
Antigua and Barbuda,ATG,"Educational attainment, at least completed upper secondary, population 25+, female (%) (cumulative)",SE.SEC.CUAT.UP.FE.ZS,,,,,,,,,,,,,,,,,,,,,,,,,,,,,,,,,,,,,,,,,,,,,,,,,,,,,,,,,,,,,,
Australia,AUS,"Educational attainment, at least completed upper secondary, population 25+, female (%) (cumulative)",SE.SEC.CUAT.UP.FE.ZS,,,,,,,,,,,,10,,,,,,,,,,,,,,,,,,,,,,,,,,,,,,,,,58.62768173,60.28781891,62.58401871,64.17816925,67.17754364,68.23332977,70.60215759,72.63812256,75.00211334,70.11968231,70.97588348,73.38115692,74.57206726,75.53755951,76.88626099,77.8000412,79.13703918,
Austria,AUT,"Educational attainment, at least completed upper secondary, population 25+, female (%) (cumulative)",SE.SEC.CUAT.UP.FE.ZS,,,,,,,,,,,,25.7472496,,,,,,,,,,38.12726974,,,,,,,,,,39.26789856,,,,,,,,,,,,,,66.92398834,,64.91153717,62.95718002,68.06442261,69.24990845,69.06929016,69.83296967,70.52879333,71.60852051,72.46685028,73.119133,73.76540375,,75.39277649,,
Azerbaijan,AZE,"Educational attainment, at least completed upper secondary, population 25+, female (%) (cumulative)",SE.SEC.CUAT.UP.FE.ZS,,,,,,,,,,,,,,,,,,,,,,,,,,,,,,,,,,,,,,,,78.75169373,,,,,,,,85.11643982,85.27010345,85.35787964,85.52372742,85.55645752,85.51673889,85.48600006,85.45317078,85.36663818,85.36392975,85.0845108,84.94394684,84.87789154,,
Burundi,BDI,"Educational attainment, at least completed upper secondary, population 25+, female (%) (cumulative)",SE.SEC.CUAT.UP.FE.ZS,,,,,,,,,,,,,,,,,,,,,,,,,,,,,,,,,,,,,,,,,,,,,,,,,6.31400013,,,,,,2.275559902,,,3.837769985,,,,
Belgium,BEL,"Educational attainment, at least completed upper secondary, population 25+, female (%) (cumulative)",SE.SEC.CUAT.UP.FE.ZS,,,,,,,,,,,10.91714001,,,,,,,,,,,,,,,,,,,,,,,,,,,,,,,,,,,,55.46736908,,57.63256073,59.2774086,59.75291061,60.88570023,61.55744171,62.83454895,62.29653168,64.6968689,65.41165161,67.63781738,,70.56025696,,
Benin,BEN,"Educational attainment, at least completed upper secondary, population 25+, female (%) (cumulative)",SE.SEC.CUAT.UP.FE.ZS,,,,,,,,,,,,,,,,,,,,0.499529988,,,,,,,,,,,,,,,,,,,,,,,,,,,,,,,,,,,,,,,,,,
Burkina Faso,BFA,"Educational attainment, at least completed upper secondary, population 25+, female (%) (cumulative)",SE.SEC.CUAT.UP.FE.ZS,,,,,,,,,,,,,,,,,,,,,,,,,,,,,,,,,,,,,,,,,,,,,,,2.296760082,0.159559995,,,,,,,1.571920037,,,,3.579180002,,,
Bangladesh,BGD,"Educational attainment, at least completed upper secondary, population 25+, female (%) (cumulative)",SE.SEC.CUAT.UP.FE.ZS,,,,,,,,,,,,,,,,,,,,,,1.109730005,,,,,,,,,,,,,,,,,,,,13.36209965,,,,,,,,,,18.42023087,19.0687809,16.98806953,18.90774918,23.72273064,23.88591957,24.9762001,25.99205971,26.83901024,31.95652962,
Bulgaria,BGR,"Educational attainment, at least completed upper secondary, population 25+, female (%) (cumulative)",SE.SEC.CUAT.UP.FE.ZS,,,,,,,,,,,,,,,,,,,,,,,,,,,,,,,,,,,,,,,,,,57.86402893,,,,,62.88565826,65.1368103,65.84812927,66.63284302,67.95796967,68.86869812,70.56198883,72.14990997,72.51281738,73.65844727,74.33252716,75.3367691,,,76.86290741,
Bahrain,BHR,"Educational attainment, at least completed upper secondary, population 25+, female (%) (cumulative)",SE.SEC.CUAT.UP.FE.ZS,,,,,,,,,,,,,,,,,,,,,,,,,,,,,,,,,,,,,,,,,,45.96088028,,,,,,,,,45.20874023,,,,,,48.47264862,50.37511063,62.91408157,,67.18782043,
"Bahamas, The",BHS,"Educational attainment, at least completed upper secondary, population 25+, female (%) (cumulative)",SE.SEC.CUAT.UP.FE.ZS,,,,,,,,,,,,,,,,,,,,,,,,,,,,,,,,,,,,,,,,,74.66475677,,,,,,,,,,82.4593811,,,,,,,,,,,
Bosnia and Herzegovina,BIH,"Educational attainment, at least completed upper secondary, population 25+, female (%) (cumulative)",SE.SEC.CUAT.UP.FE.ZS,,,,,,,,,,,,,,,,,,,,,,,,,,,,,,,,,,,,,,,,,,,,,,,,,,,27.90863037,29.41062927,,,47.51023102,49.68053818,50.92340088,,52.4998703,,59.39936829,
Belarus,BLR,"Educational attainment, at least completed upper secondary, population 25+, female (%) (cumulative)",SE.SEC.CUAT.UP.FE.ZS,,,,,,,,,,,,,,,,,,,,,,,,,,,,,,,,,,,,,,,,,,,,,,,,,,81.80847931,,,,,,,,,,93.8744812,,
Belize,BLZ,"Educational attainment, at least completed upper secondary, population 25+, female (%) (cumulative)",SE.SEC.CUAT.UP.FE.ZS,,,,,,,,,,,,,,,,,,,,,,,,,,,,,,,,,,,,,,,,,,,,,,24.57905006,,,,,37.27059937,,,,,,,,,,45.82646942,
Bermuda,BMU,"Educational attainment, at least completed upper secondary, population 25+, female (%) (cumulative)",SE.SEC.CUAT.UP.FE.ZS,,,,,,,,,,,,,,,,,,,,,,,,,,,,,,,,,,,,,,,,,86.38542938,,,,,,,,,,80.3045578,,,,,,89.28925323,,,,,
Bolivia,BOL,"Educational attainment, at least completed upper secondary, population 25+, female (%) (cumulative)",SE.SEC.CUAT.UP.FE.ZS,,,,,,,,,,,,,,,,,8.895139694,,,,,,,,,,,,,,,,23.22405052,,,,,,,,,32.33835983,,,,,30.4727993,,32.24092102,34.42417908,,,39.48965836,,,49.53615952,,,,56.4958992,55.35773849,
Brazil,BRA,"Educational attainment, at least completed upper secondary, population 25+, female (%) (cumulative)",SE.SEC.CUAT.UP.FE.ZS,,,,,,,,,,,5.026169777,,,,,,3.200000048,,,,4.138360023,,,,,,,,,,,,,,,,,,,,,,,,30.55764008,,33.71783066,35.03847885,36.70269012,38.37149048,37.59228897,40.94276047,42.24362946,43.80120087,44.56811142,45.73279953,46.83102036,48.2016983,49.50600815,,,
Barbados,BRB,"Educational attainment, at least completed upper secondary, population 25+, female (%) (cumulative)",SE.SEC.CUAT.UP.FE.ZS,,,,,,,,,,,,,,,,,,,,,,,,,,,,,,,,,,,,,,,,,25.40199089,,,,,,,,,,,,,,,,,,,,,
Brunei Darussalam,BRN,"Educational attainment, at least completed upper secondary, population 25+, female (%) (cumulative)",SE.SEC.CUAT.UP.FE.ZS,,,,,,,,,,,,,,,,,,,,,,,,,,,,,,,,,,,,,,,,,,,,,,,,,,,,62.29999161,,,,,,,,,,
Bhutan,BTN,"Educational attainment, at least completed upper secondary, population 25+, female (%) (cumulative)",SE.SEC.CUAT.UP.FE.ZS,,,,,,,,,,,,,,,,,,,,,,,,,,,,,,,,,,,,,,,,,,,,,,,,,,,,,2.930249929,,,,,13.78464031,,,,
Botswana,BWA,"Educational attainment, at least completed upper secondary, population 25+, female (%) (cumulative)",SE.SEC.CUAT.UP.FE.ZS,,,,,,,,,,,,0.766369998,,,,,,,,,,,,,,,,,,,,,,,,,,,,,,,,,,,,,,,,,,,,,,,,,,
Central African Republic,CAF,"Educational attainment, at least completed upper secondary, population 25+, female (%) (cumulative)",SE.SEC.CUAT.UP.FE.ZS,,,,,,,,,,,,,,,,0.441980004,,,,,,,,,,,,,,,,,,,,,,,,,,,,,,,,,,,,,,,,,,,,,,
Canada,CAN,"Educational attainment, at least completed upper secondary, population 25+, female (%) (cumulative)",SE.SEC.CUAT.UP.FE.ZS,,,,,,,,,,,,,,,,,,,,,,,,,,,41.81454849,,,,,47.70251083,,,,,,,,,,63.45177841,,,,,79.12207794,,,,,82.74050903,,,,,84.88738251,,,,,
Central Europe and the Baltics,CEB,"Educational attainment, at least completed upper secondary, population 25+, female (%) (cumulative)",SE.SEC.CUAT.UP.FE.ZS,,,,,,,,,,,,,,,,,,,,,,,,,,,,,,,,,,,,,,,,,,,,,,,,,,,,,,,,,,,,,,
Switzerland,CHE,"Educational attainment, at least completed upper secondary, population 25+, female (%) (cumulative)",SE.SEC.CUAT.UP.FE.ZS,,,,,,,,,,,19.2968998,,,,,,,,,,,,,,,,,,,,,,,,,,,,,,,,,,,,,,,77.08965302,76.36852264,76.44882202,77.54548645,,80.64208221,81.62490845,80.70776367,,82.52372742,83.72572327,,
Channel Islands,CHI,"Educational attainment, at least completed upper secondary, population 25+, female (%) (cumulative)",SE.SEC.CUAT.UP.FE.ZS,,,,,,,,,,,,,,,,,,,,,,,,,,,,,,,,,,,,,,,,,,,,,,,,,,,,,,,,,,,,,,
Chile,CHL,"Educational attainment, at least completed upper secondary, population 25+, female (%) (cumulative)",SE.SEC.CUAT.UP.FE.ZS,,,,,,,,,,,,,,,,,,,,,,,,,,,,,,,,,,,,,,,,,,,,,49.94646835,,,50.07991028,51.00054169,,51.98443985,49.68201065,,52.88145065,,55.97417068,,58.36587906,,,,
China,CHN,"Educational attainment, at least completed upper secondary, population 25+, female (%) (cumulative)",SE.SEC.CUAT.UP.FE.ZS,,,,,,,,,,,,,,,,,,,,,,,4.251619816,,,,,,,,,,,,,,,,,,,,,,,,,,,,19.19593048,,,,,,,,,,,
Cote d'Ivoire,CIV,"Educational attainment, at least completed upper secondary, population 25+, female (%) (cumulative)",SE.SEC.CUAT.UP.FE.ZS,,,,,,,,,,,,,,,,,,,,,,,,,,,,,,,,,,,,,,,14.98423958,,,,,,,,,,,,,,,,11.97852039,,,,,,,
Cameroon,CMR,"Educational attainment, at least completed upper secondary, population 25+, female (%) (cumulative)",SE.SEC.CUAT.UP.FE.ZS,,,,,,,,,,,,,,,,,,,,,,,,,,,,,,,,,,,,,,,,,,,,,,,,,,,11.47700977,,,,,,,,,,,
"Congo, Dem. Rep.",COD,"Educational attainment, at least completed upper secondary, population 25+, female (%) (cumulative)",SE.SEC.CUAT.UP.FE.ZS,,,,,,,,,,,,,,,,,,,,,,,,,,,,,,,,,,,,,,,,,,,,,,,,,,,,,,10.26019955,,,16.83823013,,,,,
"Congo, Rep.",COG,"Educational attainment, at least completed upper secondary, population 25+, female (%) (cumulative)",SE.SEC.CUAT.UP.FE.ZS,,,,,,,,,,,,,,,,,,,,,,,,,4.084670067,,,,,,,,,,,,,,,,,,,,,,,,,,,,,,,,,,,,,
Colombia,COL,"Educational attainment, at least completed upper secondary, population 25+, female (%) (cumulative)",SE.SEC.CUAT.UP.FE.ZS,,,,,,,,,,,,,,,,,,,,,,,,,,,,,,,,,,,,,,,,,,,,,34.89477158,33.62414169,32.26993942,36.56526947,38.08586884,38.06418991,39.43362045,40.66207123,41.80089951,43.94371033,45.30955887,46.13774109,48.19701004,,50.97835159,52.47779083,54.23527145,
Comoros,COM,"Educational attainment, at least completed upper secondary, population 25+, female (%) (cumulative)",SE.SEC.CUAT.UP.FE.ZS,,,,,,,,,,,,,,,,,,,,,,,,,,,,,,,,,,,,,,,,,,,,,,,,,,,,,,,,,,,,,,
Cabo Verde,CPV,"Educational attainment, at least completed upper secondary, population 25+, female (%) (cumulative)",SE.SEC.CUAT.UP.FE.ZS,,,,,,,,,,,,,,,,,,,,,,,,,,,,,,,,,,,,,,,,,,,,,,,,,,,,,,,,19.80814934,,,,,,
Costa Rica,CRI,"Educational attainment, at least completed upper secondary, population 25+, female (%) (cumulative)",SE.SEC.CUAT.UP.FE.ZS,,,,,,,,,,,,,,9.954039574,,,,,,,,,,,,,,,,,,,,,,,,,,,,,,,,,,33.7910614,36.39152145,36.94818878,36.02391052,37.03173065,38.08473969,,40.52893829,38.90164948,39.21971893,,40.76063156,,42.19802094,
Caribbean small states,CSS,"Educational attainment, at least completed upper secondary, population 25+, female (%) (cumulative)",SE.SEC.CUAT.UP.FE.ZS,,,,,,,,,,,,,,,,,,,,,,,,,,,,,,,,,,,,,,,,,,,,,,,,,,,,,,,,,,,,,,
Cuba,CUB,"Educational attainment, at least completed upper secondary, population 25+, female (%) (cumulative)",SE.SEC.CUAT.UP.FE.ZS,,,,,,,,,,,,,,,,,,,,,,,,,,,,,,,,,,,,,,,,,,,40.16477966,,,,,,,,,,57.14484024,,,,,,,,,
Curacao,CUW,"Educational attainment, at least completed upper secondary, population 25+, female (%) (cumulative)",SE.SEC.CUAT.UP.FE.ZS,,,,,,,,,,,,,,,,,,,,,,,,,,,,,,,,,,,,,,,,,,,,,,,,,,,,,,,,,,,,,53.24182129,
Cayman Islands,CYM,"Educational attainment, at least completed upper secondary, population 25+, female (%) (cumulative)",SE.SEC.CUAT.UP.FE.ZS,,,,,,,,,,,,,,,,,,,,,,,,,,,,,,,,,,,,,,,,,,,,,,,,72.5969162,78.79335785,,,,,,87.70027161,90.72097015,,,,,,
Cyprus,CYP,"Educational attainment, at least completed upper secondary, population 25+, female (%) (cumulative)",SE.SEC.CUAT.UP.FE.ZS,,,,,,,,,,,,,,,,,,,,,,,,,,,,,,,,,,,,,,,,,,,,,53.52260971,55.28178024,58.43368912,60.69010925,61.36968994,60.74013138,62.33678055,65.14479828,66.59145355,67.75092316,68.05570984,67.40992737,69.71608734,,71.68296814,,73.36621857,
Czech Republic,CZE,"Educational attainment, at least completed upper secondary, population 25+, female (%) (cumulative)",SE.SEC.CUAT.UP.FE.ZS,,,,,,,,,,,,,,,,,,,,,,,,,,,,,,,,,,,,,,,,,,,,,,,79.25865173,79.63040161,80.05226135,81.71127319,82.57946777,83.22711182,83.67134857,84.72689819,85.24960327,85.57823944,86.35616302,86.7609787,,87.36036682,,
Germany,DEU,"Educational attainment, at least completed upper secondary, population 25+, female (%) (cumulative)",SE.SEC.CUAT.UP.FE.ZS,,,,,,,,,,,,,,,,,,,,,,,,,,,,,,,,,,,,,,,,,,,,,71.26051331,70.54572296,70.92990112,72.42333984,73.67147827,74.38169098,75.16629028,75.96073914,76.47673035,77.06542969,77.93134308,78.30451202,78.60636902,,80.11032104,,,
Djibouti,DJI,"Educational attainment, at least completed upper secondary, population 25+, female (%) (cumulative)",SE.SEC.CUAT.UP.FE.ZS,,,,,,,,,,,,,,,,,,,,,,,,,,,,,,,,,,,,,,,,,,,,,,,,,,,,,,,,,,,,,,
Dominica,DMA,"Educational attainment, at least completed upper secondary, population 25+, female (%) (cumulative)",SE.SEC.CUAT.UP.FE.ZS,,,,,,,,,,,,,,,,,,,,,,,,,,,,,,,,,,,,,,,,,,10.35548019,,,,,,,,,,,,,,,,,,,,
Denmark,DNK,"Educational attainment, at least completed upper secondary, population 25+, female (%) (cumulative)",SE.SEC.CUAT.UP.FE.ZS,,,,,,,,,,,,,,,,,,,,,,,,,,,,,,,,52.10667038,,,53.56010056,55.70183945,,,,,,,,83.83049011,82.63157654,,,74.90000153,78.09779358,73.09976196,70.54398346,72.17089844,75.5357132,76.50208282,76.33721161,77.80963135,78.81062317,,80.42357635,,80.21299744,
Dominican Republic,DOM,"Educational attainment, at least completed upper secondary, population 25+, female (%) (cumulative)",SE.SEC.CUAT.UP.FE.ZS,,,,,,,,,,,3.700000048,,,,,,,,,,,,,,,,,,,,,,,,,,,,,,,,,,,,,33.29830933,,,33.25613022,34.23601151,35.83778,36.32807922,36.93035889,38.20029831,50.88674164,,,,,
Algeria,DZA,"Educational attainment, at least completed upper secondary, population 25+, female (%) (cumulative)",SE.SEC.CUAT.UP.FE.ZS,,,,,,,,,,,,0.05883,,,,,,,,,,,,,,,,,,,,,,,,,,,,,,,,,,,20.89734077,,22.74523926,,,,,,,,,,,,,
East Asia & Pacific (excluding high income),EAP,"Educational attainment, at least completed upper secondary, population 25+, female (%) (cumulative)",SE.SEC.CUAT.UP.FE.ZS,,,,,,,,,,,,,,,,,,,,,,,,,,,,,,,,,,,,,,,,,,,,,,,,,,,,,,,,,,,,,,
Early-demographic dividend,EAR,"Educational attainment, at least completed upper secondary, population 25+, female (%) (cumulative)",SE.SEC.CUAT.UP.FE.ZS,,,,,,,,,,,,,,,,,,,,,,,,,,,,,,,,,,,,,,,,,,,,,,,,,,,,,,,,,,,,,,
East Asia & Pacific,EAS,"Educational attainment, at least completed upper secondary, population 25+, female (%) (cumulative)",SE.SEC.CUAT.UP.FE.ZS,,,,,,,,,,,,,,,,,,,,,,,,,,,,,,,,,,,,,,,,,,,,,,,,,,,,,,,,,,,,,,
Europe & Central Asia (excluding high income),ECA,"Educational attainment, at least completed upper secondary, population 25+, female (%) (cumulative)",SE.SEC.CUAT.UP.FE.ZS,,,,,,,,,,,,,,,,,,,,,,,,,,,,,,,,,,,,,,,,,,,,,,,,,,,,,,,,,,,,,,
Europe & Central Asia,ECS,"Educational attainment, at least completed upper secondary, population 25+, female (%) (cumulative)",SE.SEC.CUAT.UP.FE.ZS,,,,,,,,,,,,,,,,,,,,,,,,,,,,,,,,,,,,,,,,,,,,,,,,,,,,,,,,,,,,,,
Ecuador,ECU,"Educational attainment, at least completed upper secondary, population 25+, female (%) (cumulative)",SE.SEC.CUAT.UP.FE.ZS,,,,,,,,,,,,,,,7.425960064,,,,,,,,14.21533012,,,,,,,,33.91038895,,,,,,,,,,,,,,,,,32.86072159,32.95677185,33.80146027,34.60858917,35.34043884,37.20888901,38.23783875,37.85905838,41.90071869,42.01919174,43.15428162,,,43.934021,
"Egypt, Arab Rep.",EGY,"Educational attainment, at least completed upper secondary, population 25+, female (%) (cumulative)",SE.SEC.CUAT.UP.FE.ZS,,,,,,,,,,,,,,,,,,,,,,,,,,,,,,,,,,,,,,,,,,,,,,,33.14358139,,,,,,,,,,,67.45890045,,,,
Euro area,EMU,"Educational attainment, at least completed upper secondary, population 25+, female (%) (cumulative)",SE.SEC.CUAT.UP.FE.ZS,,,,,,,,,,,,,,,,,,,,,,,,,,,,,,,,,,,,,,,,,,,,,,,,,,,,,,,,,,,,,,
Eritrea,ERI,"Educational attainment, at least completed upper secondary, population 25+, female (%) (cumulative)",SE.SEC.CUAT.UP.FE.ZS,,,,,,,,,,,,,,,,,,,,,,,,,,,,,,,,,,,,,,,,,,,,,,,,,,,,,,,,,,,,,,
Spain,ESP,"Educational attainment, at least completed upper secondary, population 25+, female (%) (cumulative)",SE.SEC.CUAT.UP.FE.ZS,,,,,,,,,,,4.036809921,,,,,,,,,,,9.55107975,,,,,12.39999962,,,,,,,,,,,,,,,,,,35.35354996,38.55123138,39.74319839,40.56721115,41.30382156,42.06771088,42.90195847,44.23548126,44.80638885,,46.51044083,47.33871078,48.42082977,,50.41530991,,53.38106918,
Estonia,EST,"Educational attainment, at least completed upper secondary, population 25+, female (%) (cumulative)",SE.SEC.CUAT.UP.FE.ZS,,,,,,,,,,,,,,,,,,,,,,,,,,,,,,58.49428177,,,,,,,,,,,72.05365753,,,,,,85.88337708,86.22203064,86.2947464,87.18515778,88.43148041,88.51316071,88.89034271,90.5177002,89.88041687,89.50962067,89.89105988,90.05193329,90.70420837,,86.11192322,
Ethiopia,ETH,"Educational attainment, at least completed upper secondary, population 25+, female (%) (cumulative)",SE.SEC.CUAT.UP.FE.ZS,,,,,,,,,,,,,,,,,,,,,,,,,,,,,,,,,,,,,,,,,,,,,,,,4.52410984,,,,5.659920216,,,,,,,,,,
European Union,EUU,"Educational attainment, at least completed upper secondary, population 25+, female (%) (cumulative)",SE.SEC.CUAT.UP.FE.ZS,,,,,,,,,,,,,,,,,,,,,,,,,,,,,,,,,,,,,,,,,,,,,,,,,,,,,,,,,,,,,,
Fragile and conflict affected situations,FCS,"Educational attainment, at least completed upper secondary, population 25+, female (%) (cumulative)",SE.SEC.CUAT.UP.FE.ZS,,,,,,,,,,,,,,,,,,,,,,,,,,,,,,,,,,,,,,,,,,,,,,,,,,,,,,,,,,,,,,
Finland,FIN,"Educational attainment, at least completed upper secondary, population 25+, female (%) (cumulative)",SE.SEC.CUAT.UP.FE.ZS,,,,,,,,,,,,,,,,,,,,,,,,,,,,,,,,,,,,,,,,,,,,63.70907974,,65.75370026,66.82274628,67.79451752,68.75926208,69.69689941,70.60957336,71.4727478,72.33901215,73.26728058,74.10980225,74.71755981,,76.38665771,,78.47395325,,
Fiji,FJI,"Educational attainment, at least completed upper secondary, population 25+, female (%) (cumulative)",SE.SEC.CUAT.UP.FE.ZS,,,,,,,,,,,,,,,,,4.97025013,,,,,,,,,,3.363349915,,,,,,,,,,23.74353027,,,,,,,,,,,39.56132126,,,,,,,,,,46.81565094,,,,
France,FRA,"Educational attainment, at least completed upper secondary, population 25+, female (%) (cumulative)",SE.SEC.CUAT.UP.FE.ZS,,,,,,,,,,,,,,,,,,,,,,,,,,,,,,,,,,,,,,,,,,,,,51.98760986,52.86819839,,56.00746918,57.1593895,58.23336029,58.64776993,59.70383072,60.87873077,63.37651825,65.42056274,66.73282623,66.91603088,67.40808868,,69.97560883,,
Faroe Islands,FRO,"Educational attainment, at least completed upper secondary, population 25+, female (%) (cumulative)",SE.SEC.CUAT.UP.FE.ZS,,,,,,,,,,,,,,,,,,,,,,,,,,,,,,,,,,,,,,,,,,,,,,,,,,,,,,,,,,,,,,
"Micronesia, Fed. Sts.",FSM,"Educational attainment, at least completed upper secondary, population 25+, female (%) (cumulative)",SE.SEC.CUAT.UP.FE.ZS,,,,,,,,,,,,,,,,,,,,,,,,,,,,,,,,,,,,,,,,,,,,,,,,,,,,,,,,,,,,,,
Gabon,GAB,"Educational attainment, at least completed upper secondary, population 25+, female (%) (cumulative)",SE.SEC.CUAT.UP.FE.ZS,,,,,,,,,,,,,,,,,,,,,,,,,,,,,,,,,,,,,,,,,,,,,,,,,,,,,,,,,,,,,,
United Kingdom,GBR,"Educational attainment, at least completed upper secondary, population 25+, female (%) (cumulative)",SE.SEC.CUAT.UP.FE.ZS,,,,,,,,,,,,,,,,,,,,,,,,,,,,,,,,,,,,,,,,,,,,,,,,,,82.64868927,84.54319763,84.55143738,86.41464996,72.0295105,73.2993927,,,76.67327881,,,80.0719986,
Georgia,GEO,"Educational attainment, at least completed upper secondary, population 25+, female (%) (cumulative)",SE.SEC.CUAT.UP.FE.ZS,,,,,,,,,,,,,,,,,,,,,,,,,,,,,,,,,,,,,,,,,,,82.25920868,,,,,,,,,,89.82753754,,91.0417099,,93.00176239,91.91808319,,91.69393921,,
Ghana,GHA,"Educational attainment, at least completed upper secondary, population 25+, female (%) (cumulative)",SE.SEC.CUAT.UP.FE.ZS,,,,,,,,,,,1.200000048,,,,,,,,,,,,,,,,,,,,,,,,,,,,,,,,,,,,,,,,14.67860031,,,,,,,,,,,
Gibraltar,GIB,"Educational attainment, at least completed upper secondary, population 25+, female (%) (cumulative)",SE.SEC.CUAT.UP.FE.ZS,,,,,,,,,,,,,,,,,,,,,,,,,,,,,,,,,,,,,,,,,,,,,,,,,,,,,,,,,,,,,,
Guinea,GIN,"Educational attainment, at least completed upper secondary, population 25+, female (%) (cumulative)",SE.SEC.CUAT.UP.FE.ZS,,,,,,,,,,,,,,,,,,,,,,,,,,,,,,,,,,,,,,,,,,,,,,,,,,,,,,,3.160200119,,,,3.492990017,,,
"Gambia, The",GMB,"Educational attainment, at least completed upper secondary, population 25+, female (%) (cumulative)",SE.SEC.CUAT.UP.FE.ZS,,,,,,,,,,,,,,0.649240017,,,,,,,,,,,,,,,,,,,,,,,,,,,,,,,,,,,,,,,,,,,,,,,,
Guinea-Bissau,GNB,"Educational attainment, at least completed upper secondary, population 25+, female (%) (cumulative)",SE.SEC.CUAT.UP.FE.ZS,,,,,,,,,,,,,,,,,,,,,,,,,,,,,,,,,,,,,,,,,,,,,,,,,,,,,,,,,,,,,,
Equatorial Guinea,GNQ,"Educational attainment, at least completed upper secondary, population 25+, female (%) (cumulative)",SE.SEC.CUAT.UP.FE.ZS,,,,,,,,,,,,,,,,,,,,,,,,,,,,,,,,,,,,,,,,,,,,,,,,,,,,,,,,,,,,,,
Greece,GRC,"Educational attainment, at least completed upper secondary, population 25+, female (%) (cumulative)",SE.SEC.CUAT.UP.FE.ZS,,,,,,,,,,,,,,,,,,,,,,18,,,,,,,,,,,,,,,,,,,,,,,,46.10388947,51.43849945,49.3494606,49.82201004,,51.42052078,,,,55.10840988,56.92037964,52.40942001,,,,62.29288101,
Grenada,GRD,"Educational attainment, at least completed upper secondary, population 25+, female (%) (cumulative)",SE.SEC.CUAT.UP.FE.ZS,,,,,,,,,,,,,,,,,,,,,,,,,,,,,,,,,,,,,,,,,,,,,,,,,,,,,,,,,,,,,,
Greenland,GRL,"Educational attainment, at least completed upper secondary, population 25+, female (%) (cumulative)",SE.SEC.CUAT.UP.FE.ZS,,,,,,,,,,,,,,,,,,,,,,,,,,,,,,,,,,,,,,,,,,,,,,,,,,,,,40.05434036,,41.15602875,42.12252045,,,46.3471489,45.81433105,,
Guatemala,GTM,"Educational attainment, at least completed upper secondary, population 25+, female (%) (cumulative)",SE.SEC.CUAT.UP.FE.ZS,,,,,,,,,,,,,,,,,,,,,,,,,,,,,,,,,,,,,,,,,,,12.23204994,,,,9.294960022,,,,,,15.59136963,18.09446907,27.38647079,,,,,22.42811966,,
Guam,GUM,"Educational attainment, at least completed upper secondary, population 25+, female (%) (cumulative)",SE.SEC.CUAT.UP.FE.ZS,,,,,,,,,,,,,,,,,,,,,,,,,,,,,,,,,,,,,,,,,,,,,,,,,,,,,,,,,,,,,,
Guyana,GUY,"Educational attainment, at least completed upper secondary, population 25+, female (%) (cumulative)",SE.SEC.CUAT.UP.FE.ZS,,,,,,,,,,,,,,,,,,,,,,,,,,,,,,,,,,,,,,,,,,,,,,,,,,,,,,,,,,,,,,
High income,HIC,"Educational attainment, at least completed upper secondary, population 25+, female (%) (cumulative)",SE.SEC.CUAT.UP.FE.ZS,,,,,,,,,,,,,,,,,,,,,,,,,,,,,,,,,,,,,,,,,,,,,,,,,,,,,,,,,,,,,,
"Hong Kong SAR, China",HKG,"Educational attainment, at least completed upper secondary, population 25+, female (%) (cumulative)",SE.SEC.CUAT.UP.FE.ZS,,,,,,,,,,,,10.21080017,,,,,13.80000019,,,,,19.43176079,,,,,,,,,,33.33253098,,,,,41.38117981,,,,,,,,,,52.28239059,,53.47225189,54.1967392,55.39445114,57.35700989,,,59.62170029,60.50357819,,61.59695053,,62.28107834,,
Honduras,HND,"Educational attainment, at least completed upper secondary, population 25+, female (%) (cumulative)",SE.SEC.CUAT.UP.FE.ZS,,,,,,,,,,,,,,,4.196489811,,,,,,,,,,,,,,,,,,,,,,,,,,,,,,,,,16.9525795,,,,19.68938065,19.76012039,,24.36041069,24.74218941,25.76692963,,24.31633949,27.66415977,,
Heavily indebted poor countries (HIPC),HPC,"Educational attainment, at least completed upper secondary, population 25+, female (%) (cumulative)",SE.SEC.CUAT.UP.FE.ZS,,,,,,,,,,,,,,,,,,,,,,,,,,,,,,,,,,,,,,,,,,,,,,,,,,,,,,,,,,,,,,
Croatia,HRV,"Educational attainment, at least completed upper secondary, population 25+, female (%) (cumulative)",SE.SEC.CUAT.UP.FE.ZS,,,,,,,,,,,,,,,,,,,,,,,,,,,,,,,,,,,,,,,,,,50.45653152,,,,,,,,,,63.19985962,,,,,,,,,,
Haiti,HTI,"Educational attainment, at least completed upper secondary, population 25+, female (%) (cumulative)",SE.SEC.CUAT.UP.FE.ZS,,,,,,,,,,,,1.540560007,,,,,,,,,,,,,,,,,,,,,,,,,,,,,,,,,,,,,,,,,,,,,,,,,,
Hungary,HUN,"Educational attainment, at least completed upper secondary, population 25+, female (%) (cumulative)",SE.SEC.CUAT.UP.FE.ZS,,,,,,,,,,,13.01506996,,,,,,,,,,24.64635086,,,,,,,,,,34.74090958,,,,,,,,,,,48.98693848,,,,57.37908173,,,,70.54776764,71.74565887,72.93431854,74.12619781,75.08721924,69.83586884,71.06913757,71.94582367,,,,76.37225342,
IBRD only,IBD,"Educational attainment, at least completed upper secondary, population 25+, female (%) (cumulative)",SE.SEC.CUAT.UP.FE.ZS,,,,,,,,,,,,,,,,,,,,,,,,,,,,,,,,,,,,,,,,,,,,,,,,,,,,,,,,,,,,,,
IDA & IBRD total,IBT,"Educational attainment, at least completed upper secondary, population 25+, female (%) (cumulative)",SE.SEC.CUAT.UP.FE.ZS,,,,,,,,,,,,,,,,,,,,,,,,,,,,,,,,,,,,,,,,,,,,,,,,,,,,,,,,,,,,,,
IDA total,IDA,"Educational attainment, at least completed upper secondary, population 25+, female (%) (cumulative)",SE.SEC.CUAT.UP.FE.ZS,,,,,,,,,,,,,,,,,,,,,,,,,,,,,,,,,,,,,,,,,,,,,,,,,,,,,,,,,,,,,,
IDA blend,IDB,"Educational attainment, at least completed upper secondary, population 25+, female (%) (cumulative)",SE.SEC.CUAT.UP.FE.ZS,,,,,,,,,,,,,,,,,,,,,,,,,,,,,,,,,,,,,,,,,,,,,,,,,,,,,,,,,,,,,,
Indonesia,IDN,"Educational attainment, at least completed upper secondary, population 25+, female (%) (cumulative)",SE.SEC.CUAT.UP.FE.ZS,,,,,,,,,,,,,,,,,,,,,3.362659931,,,,,,,,,,,,,,,,,,,,,,,,,,22.75254059,21.68804932,22.38948059,23.83699989,,25.16081047,,,27.37406921,28.52519035,29.78112984,,30.99069977,,34.62979126,
IDA only,IDX,"Educational attainment, at least completed upper secondary, population 25+, female (%) (cumulative)",SE.SEC.CUAT.UP.FE.ZS,,,,,,,,,,,,,,,,,,,,,,,,,,,,,,,,,,,,,,,,,,,,,,,,,,,,,,,,,,,,,,
Isle of Man,IMN,"Educational attainment, at least completed upper secondary, population 25+, female (%) (cumulative)",SE.SEC.CUAT.UP.FE.ZS,,,,,,,,,,,,,,,,,,,,,,,,,,,,,,,,,,,,,,,,,,,,,,,,,,,,,,,,,,,,,,
India,IND,"Educational attainment, at least completed upper secondary, population 25+, female (%) (cumulative)",SE.SEC.CUAT.UP.FE.ZS,,,,,,,,,,,,,,,,,,,,,,,,,,,,,,,,,,,,,,,,,,,,,,,,,,,,19.4339695,,,,,,,,,,
Not classified,INX,"Educational attainment, at least completed upper secondary, population 25+, female (%) (cumulative)",SE.SEC.CUAT.UP.FE.ZS,,,,,,,,,,,,,,,,,,,,,,,,,,,,,,,,,,,,,,,,,,,,,,,,,,,,,,,,,,,,,,
Ireland,IRL,"Educational attainment, at least completed upper secondary, population 25+, female (%) (cumulative)",SE.SEC.CUAT.UP.FE.ZS,,,,,,,,,,,,,,,,,,,,,,,,,,,,,,,,42.77772903,,,,,,,,,,,,,,,,62.46681976,,,68.29998779,68.75215912,,,,,,73.3224411,,,,
"Iran, Islamic Rep.",IRN,"Educational attainment, at least completed upper secondary, population 25+, female (%) (cumulative)",SE.SEC.CUAT.UP.FE.ZS,,,,,,,,,,,,,,,,,,,,,,,,,,,,,,,,,,,,,,,,,,,,,,,40.67095947,,37.87385178,,42.2007103,,43.5743103,46.04946136,47.13739014,,48.89213181,,,,,
Iraq,IRQ,"Educational attainment, at least completed upper secondary, population 25+, female (%) (cumulative)",SE.SEC.CUAT.UP.FE.ZS,,,,,,,,,,,,,,,,,,,,,,,,,,,,,,,,,,,,,,,,,,,,,,,,,,,,,,23.94747925,,,,,,,,
Iceland,ISL,"Educational attainment, at least completed upper secondary, population 25+, female (%) (cumulative)",SE.SEC.CUAT.UP.FE.ZS,,,,,,,,,,,,,,,,,,,,,,,,,,,,,,,,,,,,,,,,,,,,,,54.83570862,,,,,,,,,,,,,,73.7419281,73.82695007,
Israel,ISR,"Educational attainment, at least completed upper secondary, population 25+, female (%) (cumulative)",SE.SEC.CUAT.UP.FE.ZS,,,,,,,,,,,,,,,,,,,,,,,,,,,,,,,,,,,,,,,,,,,,,40.15082932,,,77.04637146,,77.71205902,77.76080322,78.6815033,79.87161255,80.44249725,81.0696106,81.29625702,,,,,,
Italy,ITA,"Educational attainment, at least completed upper secondary, population 25+, female (%) (cumulative)",SE.SEC.CUAT.UP.FE.ZS,,,,,,,,,,,,,,,,,,,,,,12.69999981,,,,,,,,,,,,,,,,,,,,33.82683945,,,,38.67660141,39.65539169,41.6584816,42.7378006,43.26039886,44.10441971,45.01588058,46.29790878,,47.57204819,48.22383118,,,,,51.77241135,
Jamaica,JAM,"Educational attainment, at least completed upper secondary, population 25+, female (%) (cumulative)",SE.SEC.CUAT.UP.FE.ZS,,,,,,,,,,,,,,,,,,,,,,,,,,,,,,,,,,,,,,,,,,,,,,,,,,,,,,,,,,,,,,
Jordan,JOR,"Educational attainment, at least completed upper secondary, population 25+, female (%) (cumulative)",SE.SEC.CUAT.UP.FE.ZS,,,,,,,,,,,,,,,,,,,,,,,,,,,,,,,,,,,,,,,,,,,,,,,,,39.77595139,,40.08206177,,,,,,,,44.49303055,,49.85884857,
Japan,JPN,"Educational attainment, at least completed upper secondary, population 25+, female (%) (cumulative)",SE.SEC.CUAT.UP.FE.ZS,,,,,,,,,,,35.64242172,,,,,,,,,,51.6329689,,,,,,,,,,63.39411163,,,,,,,,,,,,,,,,,,,,79.08035278,,,,,,,,,,,
Kazakhstan,KAZ,"Educational attainment, at least completed upper secondary, population 25+, female (%) (cumulative)",SE.SEC.CUAT.UP.FE.ZS,,,,,,,,,,,,,,,,,,,,,,,,,,,,,,,,,,,,,,,,68.32530975,,,,,,,,96.43463898,,84.60240936,,,,,,,,,96.89830017,,,
Kenya,KEN,"Educational attainment, at least completed upper secondary, population 25+, female (%) (cumulative)",SE.SEC.CUAT.UP.FE.ZS,,,,,,,,,,,,,,,,,,,,,,,,,,,,,,,,,,,,,,,,,,,,,,,,,,21.9236393,18.00119972,,,,,,,,,,,
Kyrgyz Republic,KGZ,"Educational attainment, at least completed upper secondary, population 25+, female (%) (cumulative)",SE.SEC.CUAT.UP.FE.ZS,,,,,,,,,,,,,,,,,,,,,,,,,,,,,,,,,,,,,,,,74.72242737,,,,,,,,,,87.08672333,,,,,,,,,,,,
Cambodia,KHM,"Educational attainment, at least completed upper secondary, population 25+, female (%) (cumulative)",SE.SEC.CUAT.UP.FE.ZS,,,,,,,,,,,,,,,,,,,,,,,,,,,,,,,,,,,,,,,,,,,,,,,,3.344189882,1.590980053,3.315570116,,,,,6.190899849,4.657239914,,,,,,
Kiribati,KIR,"Educational attainment, at least completed upper secondary, population 25+, female (%) (cumulative)",SE.SEC.CUAT.UP.FE.ZS,,,,,,,,,,,,,,,,,,,,,,,,,,,,,,,,,,,,,,,,,,,,,,,,,,,,,,,,,,,,,,
St. Kitts and Nevis,KNA,"Educational attainment, at least completed upper secondary, population 25+, female (%) (cumulative)",SE.SEC.CUAT.UP.FE.ZS,,,,,,,,,,,,,,,,,,,,,,,,,,,,,,,,,,,,,,,,,,,,,,,,,,,,,,,,,,,,,,
"Korea, Rep.",KOR,"Educational attainment, at least completed upper secondary, population 25+, female (%) (cumulative)",SE.SEC.CUAT.UP.FE.ZS,,,,,,,,,,,7.347370148,,,,,,,,,,16.89352989,,,,,46.01446152,,,,,37.20000076,,,,,46.35988998,,,,,55.29666901,,,,,61.96139145,,,,58.7047081,66.22444916,,,,,70.38450623,,,,,,
Kuwait,KWT,"Educational attainment, at least completed upper secondary, population 25+, female (%) (cumulative)",SE.SEC.CUAT.UP.FE.ZS,,,,,,,,,,,,,,,,13.80000019,,,,,22.14710045,,,,,32.49594116,,,29.95865059,,,,,,,,,,,,,,,,,30.09502029,31.33179092,30.71133041,32.16788101,,,,34.26417923,34.09983826,,36.31977844,,38.19612122,39.28445053,,,
Latin America & Caribbean (excluding high income),LAC,"Educational attainment, at least completed upper secondary, population 25+, female (%) (cumulative)",SE.SEC.CUAT.UP.FE.ZS,,,,,,,,,,,,,,,,,,,,,,,,,,,,,,,,,,,,,,,,,,,,,,,,,,,,,,,,,,,,,,
Lao PDR,LAO,"Educational attainment, at least completed upper secondary, population 25+, female (%) (cumulative)",SE.SEC.CUAT.UP.FE.ZS,,,,,,,,,,,,,,,,,,,,,,,,,,,,,,,,,,,,,,,,,,,,,,,,,,,,,,,,,,,,,,
Lebanon,LBN,"Educational attainment, at least completed upper secondary, population 25+, female (%) (cumulative)",SE.SEC.CUAT.UP.FE.ZS,,,,,,,,,,,4.900000095,,,,,,,,,,,,,,,,,,,,,,,,,,,,,,,,,,,,,32.51166916,,,,,,,,,,,,,,
Liberia,LBR,"Educational attainment, at least completed upper secondary, population 25+, female (%) (cumulative)",SE.SEC.CUAT.UP.FE.ZS,,,,,,,,,,,,,,,2.605750084,,,,,,,,,,,,,,,,,,,,,,,,,,,,,,,,,,,,,,,,,,,,,,,
Libya,LBY,"Educational attainment, at least completed upper secondary, population 25+, female (%) (cumulative)",SE.SEC.CUAT.UP.FE.ZS,,,,,,,,,,,,,,,,,,,,,,,,,9.5,,,,,,,,,,,,,,,,,,,,,,,,,,,,,,,,,,,,,
St. Lucia,LCA,"Educational attainment, at least completed upper secondary, population 25+, female (%) (cumulative)",SE.SEC.CUAT.UP.FE.ZS,,,,,,,,,,,,,,,,,,,,,,,,,,,,,,,,,,,,,,,,,,,,,,,,,,,41.28630829,,,42.83393097,,,,,,43.82313156,,
Latin America & Caribbean,LCN,"Educational attainment, at least completed upper secondary, population 25+, female (%) (cumulative)",SE.SEC.CUAT.UP.FE.ZS,,,,,,,,,,,,,,,,,,,,,,,,,,,,,,,,,,,,,,,,,,,,,,,,,,,,,,,,,,,,,,
Least developed countries: UN classification,LDC,"Educational attainment, at least completed upper secondary, population 25+, female (%) (cumulative)",SE.SEC.CUAT.UP.FE.ZS,,,,,,,,,,,,,,,,,,,,,,,,,,,,,,,,,,,,,,,,,,,,,,,,,,,,,,,,,,,,,,
Low income,LIC,"Educational attainment, at least completed upper secondary, population 25+, female (%) (cumulative)",SE.SEC.CUAT.UP.FE.ZS,,,,,,,,,,,,,,,,,,,,,,,,,,,,,,,,,,,,,,,,,,,,,,,,,,,,,,,,,,,,,,
Liechtenstein,LIE,"Educational attainment, at least completed upper secondary, population 25+, female (%) (cumulative)",SE.SEC.CUAT.UP.FE.ZS,,,,,,,,,,,,,,,,,,,,,,,,,,,,,,,,,,,,,,,,,62.50233841,,,,,,,,,,,,,,,,,,,,,
Sri Lanka,LKA,"Educational attainment, at least completed upper secondary, population 25+, female (%) (cumulative)",SE.SEC.CUAT.UP.FE.ZS,,,,,,,,,,,,10.32444,,,,,,,,,,,,,,,,,,,,,,,,,,,,,,55.6068306,,,,,,,,,,,,,,,63.01839066,63.64191055,64.32254791,63.00991058,66.25257874,
Lower middle income,LMC,"Educational attainment, at least completed upper secondary, population 25+, female (%) (cumulative)",SE.SEC.CUAT.UP.FE.ZS,,,,,,,,,,,,,,,,,,,,,,,,,,,,,,,,,,,,,,,,,,,,,,,,,,,,,,,,,,,,,,
Low & middle income,LMY,"Educational attainment, at least completed upper secondary, population 25+, female (%) (cumulative)",SE.SEC.CUAT.UP.FE.ZS,,,,,,,,,,,,,,,,,,,,,,,,,,,,,,,,,,,,,,,,,,,,,,,,,,,,,,,,,,,,,,
Lesotho,LSO,"Educational attainment, at least completed upper secondary, population 25+, female (%) (cumulative)",SE.SEC.CUAT.UP.FE.ZS,,,,,,,,,,,,,,,,,,,,,,,,,,,,,,,,,,,,,,,,,,,,,,,,,14.19079018,,,,,,,,,,,,,
Late-demographic dividend,LTE,"Educational attainment, at least completed upper secondary, population 25+, female (%) (cumulative)",SE.SEC.CUAT.UP.FE.ZS,,,,,,,,,,,,,,,,,,,,,,,,,,,,,,,,,,,,,,,,,,,,,,,,,,,,,,,,,,,,,,
Lithuania,LTU,"Educational attainment, at least completed upper secondary, population 25+, female (%) (cumulative)",SE.SEC.CUAT.UP.FE.ZS,,,,,,,,,,,,,,,,,,,,,,,,,,,,,,,,,,,,,,,,,,,,,,71.76451874,74.42549133,74.80902863,75.92592621,76.98703766,78.11884308,79.10549164,79.20188141,80.10089111,81.47216797,82.83072662,84.68383026,86.05381775,,,89.02606964,
Luxembourg,LUX,"Educational attainment, at least completed upper secondary, population 25+, female (%) (cumulative)",SE.SEC.CUAT.UP.FE.ZS,,,,,,,,,,,,,,,,,,,,,,,,,,,,,,,,,,,,,,,,,,41.78239822,,43.1602211,,,,56.10918045,,70.62256622,71.17001343,71.09181213,72.59700775,75.47170258,75.72759247,68.17269135,,,,,,
Latvia,LVA,"Educational attainment, at least completed upper secondary, population 25+, female (%) (cumulative)",SE.SEC.CUAT.UP.FE.ZS,,,,,,,,,,,,,,,,,,,,,,,,,,,,,,,,,,,,,,,,,,,,,80.04548645,81.54495239,81.62927246,82.42897034,84.27268982,86.14000702,87.50482178,87.13751221,88.27220917,89.01799774,90.19210815,90.56108093,90.50361633,,92.40525055,92.91107941,,
"Macao SAR, China",MAC,"Educational attainment, at least completed upper secondary, population 25+, female (%) (cumulative)",SE.SEC.CUAT.UP.FE.ZS,,,,,,,,,,,,,,,,,,,,,,,,,,,,,,,,22.02981949,,,,,,,,,,25.51650047,,,,,33.50257874,,,,,43.22771072,,,,,50.88045883,,,,,
St. Martin (French part),MAF,"Educational attainment, at least completed upper secondary, population 25+, female (%) (cumulative)",SE.SEC.CUAT.UP.FE.ZS,,,,,,,,,,,,,,,,,,,,,,,,,,,,,,,,,,,,,,,,,,,,,,,,,,,,,,,,,,,,,,
Morocco,MAR,"Educational attainment, at least completed upper secondary, population 25+, female (%) (cumulative)",SE.SEC.CUAT.UP.FE.ZS,,,,,,,,,,,,,,,,,,,,,,,,,,,,,,,,,,,,,,,,,,,,,,,,,,,,,,,,,,,,,,
Monaco,MCO,"Educational attainment, at least completed upper secondary, population 25+, female (%) (cumulative)",SE.SEC.CUAT.UP.FE.ZS,,,,,,,,,,,,,,,,,,,,,,,,,,,,,,,,,,,,,,,,,,,,,,,,,,,,,,,,,,,,,,
Moldova,MDA,"Educational attainment, at least completed upper secondary, population 25+, female (%) (cumulative)",SE.SEC.CUAT.UP.FE.ZS,,,,,,,,,,,,,,,,,,,,,,,,,,,,,,,,,,,,,,,,,,,,,,,,69.84732819,71.12232208,72.44393158,71.69287109,71.92015839,72.13488007,71.729599,73.0030899,73.51622009,,,73.99986267,73.50087738,,
Madagascar,MDG,"Educational attainment, at least completed upper secondary, population 25+, female (%) (cumulative)",SE.SEC.CUAT.UP.FE.ZS,,,,,,,,,,,,,,,,,,,,,,,,,,,,,,,,,,,,,,,,,,,,,,,,,,,,,,,,,,,8.526709557,,,
Maldives,MDV,"Educational attainment, at least completed upper secondary, population 25+, female (%) (cumulative)",SE.SEC.CUAT.UP.FE.ZS,,,,,,,,,,,,,,,,,,,,,,,,,,,,,,,,,,,,,,,,,,,,,,,4.066440105,,,,,,,,,,,,,,,
Middle East & North Africa,MEA,"Educational attainment, at least completed upper secondary, population 25+, female (%) (cumulative)",SE.SEC.CUAT.UP.FE.ZS,,,,,,,,,,,,,,,,,,,,,,,,,,,,,,,,,,,,,,,,,,,,,,,,,,,,,,,,,,,,,,
Mexico,MEX,"Educational attainment, at least completed upper secondary, population 25+, female (%) (cumulative)",SE.SEC.CUAT.UP.FE.ZS,,,,,,,,,,,,,,,,,,,,,,,,,,,,,,,17.61467934,,,,,,,,,,15.17352009,,,,19.08625031,24.29767036,28.33319092,28.24477959,28.53783035,29.38425064,28.11001968,,32.1964798,30.63772964,31.05079079,32.15211868,32.29883957,33.08950043,34.8026619,,37.7149086,
Marshall Islands,MHL,"Educational attainment, at least completed upper secondary, population 25+, female (%) (cumulative)",SE.SEC.CUAT.UP.FE.ZS,,,,,,,,,,,,,,,,,,,,,,,,,,,,,,,,,,,,,,,,,,,,,,,,,,,,67.5821228,,,,,,,,,,
Middle income,MIC,"Educational attainment, at least completed upper secondary, population 25+, female (%) (cumulative)",SE.SEC.CUAT.UP.FE.ZS,,,,,,,,,,,,,,,,,,,,,,,,,,,,,,,,,,,,,,,,,,,,,,,,,,,,,,,,,,,,,,
North Macedonia,MKD,"Educational attainment, at least completed upper secondary, population 25+, female (%) (cumulative)",SE.SEC.CUAT.UP.FE.ZS,,,,,,,,,,,,,,,,,,,,,,,,,,,,,,,,,,,,,,,,,,,,,,,,,,,,,,,,,,,,,61.6777916,
Mali,MLI,"Educational attainment, at least completed upper secondary, population 25+, female (%) (cumulative)",SE.SEC.CUAT.UP.FE.ZS,,,,,,,,,,,,,,,,,,,,,,,,,,,,,,,,,,,,,,,,,,,,,,,6.327720165,,,,,5.54087019,,,,6.347839832,3.243299961,,3.966120005,,3.203279972,
Malta,MLT,"Educational attainment, at least completed upper secondary, population 25+, female (%) (cumulative)",SE.SEC.CUAT.UP.FE.ZS,,,,,,,,,,,,,,,,,,,,,,,,,,,,,,,,,,,,,,,,,17.12125015,,,,,16.80397034,,18.66032982,,,22.0639801,23.42814064,28.28424072,32.09751129,34.09584045,35.45584869,37.02981949,,43.32255173,,47.09664917,
Myanmar,MMR,"Educational attainment, at least completed upper secondary, population 25+, female (%) (cumulative)",SE.SEC.CUAT.UP.FE.ZS,,,,,,,,,,,,,,1.100000024,,,,,,,,,,,,,,,,,,,,,,,,,,,,,,,,,,,,,,,,,,,,,,21.85656929,,
Middle East & North Africa (excluding high income),MNA,"Educational attainment, at least completed upper secondary, population 25+, female (%) (cumulative)",SE.SEC.CUAT.UP.FE.ZS,,,,,,,,,,,,,,,,,,,,,,,,,,,,,,,,,,,,,,,,,,,,,,,,,,,,,,,,,,,,,,
Montenegro,MNE,"Educational attainment, at least completed upper secondary, population 25+, female (%) (cumulative)",SE.SEC.CUAT.UP.FE.ZS,,,,,,,,,,,,,,,,,,,,,,,,,,,,,,,,,,,,,,,,,,,,55.60898972,,,,,,,,65.23195648,,,,,,,,,,
Mongolia,MNG,"Educational attainment, at least completed upper secondary, population 25+, female (%) (cumulative)",SE.SEC.CUAT.UP.FE.ZS,,,,,,,,,,,,,,,,,,,,,,,,,,,,,,,,,,,,,,,,,55.77695084,,,,,,,,,,71.14128113,,,,,,,,,,50.49887085,
Northern Mariana Islands,MNP,"Educational attainment, at least completed upper secondary, population 25+, female (%) (cumulative)",SE.SEC.CUAT.UP.FE.ZS,,,,,,,,,,,,,,,,,,,,,,,,,,,,,,,,,,,,,,,,,,,,,,,,,,,,,,,,,,,,,,
Mozambique,MOZ,"Educational attainment, at least completed upper secondary, population 25+, female (%) (cumulative)",SE.SEC.CUAT.UP.FE.ZS,,,,,,,,,,,,,,,,,,,,,,,,,,,,,,,,,,,,,,,,,,,,,,,,,,4.399590015,,3.040380001,,,,7.794109821,,6.195449829,,,,
Mauritania,MRT,"Educational attainment, at least completed upper secondary, population 25+, female (%) (cumulative)",SE.SEC.CUAT.UP.FE.ZS,,,,,,,,,,,,,,,,,,,,,,,,,,,,,,,,,,,,,,,,,,,,,,,,,,,,,,6.640850067,,,,,,,,
Mauritius,MUS,"Educational attainment, at least completed upper secondary, population 25+, female (%) (cumulative)",SE.SEC.CUAT.UP.FE.ZS,,,,,,,,,,,,,,,,,,,,,,,,,,,,,,,20.10000038,,,,,,,,,,17.12125015,,,,,,,,,,,39.80234146,,,,,,,,,,
Malawi,MWI,"Educational attainment, at least completed upper secondary, population 25+, female (%) (cumulative)",SE.SEC.CUAT.UP.FE.ZS,,,,,,,,,,,,,,,,,,0.417560011,,,,,,,,,,0.966199994,,,,,,,,,,,2.386879921,,,,,,,,,,,,,,,,,,,,,,,
Malaysia,MYS,"Educational attainment, at least completed upper secondary, population 25+, female (%) (cumulative)",SE.SEC.CUAT.UP.FE.ZS,,,,,,,,,,,,,,,,,,,,,1.818410039,,,,,,,,,,,,,,,,26.92670059,,,,33.44364929,,,,,26.38084984,,,,47.85498047,49.72505188,,,,,,58.60863876,,,62.95729065,,
North America,NAC,"Educational attainment, at least completed upper secondary, population 25+, female (%) (cumulative)",SE.SEC.CUAT.UP.FE.ZS,,,,,,,,,,,,,,,,,,,,,,,,,,,,,,,,,,,,,,,,,,,,,,,,,,,,,,,,,,,,,,
Namibia,NAM,"Educational attainment, at least completed upper secondary, population 25+, female (%) (cumulative)",SE.SEC.CUAT.UP.FE.ZS,,,,,,,,,,,,,,,,,,,,,,,,,,,,,,,,,,,,,,,,,,16.29705048,,,,,,,,,,,,,,,,,,,,
New Caledonia,NCL,"Educational attainment, at least completed upper secondary, population 25+, female (%) (cumulative)",SE.SEC.CUAT.UP.FE.ZS,,,,,,,,,,,,,,,,,,,,,,,,,,,,,,,,,,,,,,,,,,,,,,,,,,,,,,,,,,,,,,
Niger,NER,"Educational attainment, at least completed upper secondary, population 25+, female (%) (cumulative)",SE.SEC.CUAT.UP.FE.ZS,,,,,,,,,,,,,,,,,,0.100000001,,,,,,,,,,,,,,,,,,,,,,,,,,,,,,,,,,,1.987759948,,,,,,,,,
Nigeria,NGA,"Educational attainment, at least completed upper secondary, population 25+, female (%) (cumulative)",SE.SEC.CUAT.UP.FE.ZS,,,,,,,,,,,,,,,,,,,,,,,,,,,,,,,,,,,,,,,,,,,,,,,38.9782486,,,,,,,,,,,,,,,
Nicaragua,NIC,"Educational attainment, at least completed upper secondary, population 25+, female (%) (cumulative)",SE.SEC.CUAT.UP.FE.ZS,,,,,,,,,,,,,,,,,,,,,,,,,,,,,,,,,,,,,,,,,,,,,,,,,,,,,,,,,,,,,,
Netherlands,NLD,"Educational attainment, at least completed upper secondary, population 25+, female (%) (cumulative)",SE.SEC.CUAT.UP.FE.ZS,,,,,,,,,,,,13.5,,,,,,,,,,,,,,,,,,,,,,,,,,,,,,,,,59.08766937,59.25794983,,62.66432953,61.63642883,62.02949142,62.28010178,62.58362961,63.18119812,65.25077057,65.25852966,65.48419952,66.23136902,,67.5942688,,69.79843903,
Norway,NOR,"Educational attainment, at least completed upper secondary, population 25+, female (%) (cumulative)",SE.SEC.CUAT.UP.FE.ZS,,,,,,,,,,,22.39999962,,,,,26.60000038,,,,,32.65190125,,,,,,,,,,62.5,,,,,,,,,,,,,,67.95913696,68.44454193,71.16361237,71.86755371,73.63317108,73.41825104,74.0922699,74.77977753,,,76.29541016,76.8911972,77.40596008,77.97325897,,78.78479004,,
Nepal,NPL,"Educational attainment, at least completed upper secondary, population 25+, female (%) (cumulative)",SE.SEC.CUAT.UP.FE.ZS,,,,,,,,,,,,0.073770002,,,,,,,,,,,,,,,,,,,,,,,,,,,,,,8.473349571,,,,,,,,,,10.21407986,,,,,,,,,,
Nauru,NRU,"Educational attainment, at least completed upper secondary, population 25+, female (%) (cumulative)",SE.SEC.CUAT.UP.FE.ZS,,,,,,,,,,,,,,,,,,,,,,,,,,,,,,,,,,,,,,,,,,,,,,,,,,,,,,,,,,,,,,
New Zealand,NZL,"Educational attainment, at least completed upper secondary, population 25+, female (%) (cumulative)",SE.SEC.CUAT.UP.FE.ZS,,,,,,,,,,,,,,,,,,,,,,,,,,,,,,,,40.85214996,,,,,,,,,,71.27294922,,,,,72.35717773,,,,,65.60907745,66.77687836,,67.11054993,67.50229645,68.31899261,,,,74.56523895,
OECD members,OED,"Educational attainment, at least completed upper secondary, population 25+, female (%) (cumulative)",SE.SEC.CUAT.UP.FE.ZS,,,,,,,,,,,,,,,,,,,,,,,,,,,,,,,,,,,,,,,,,,,,,,,,,,,,,,,,,,,,,,
Oman,OMN,"Educational attainment, at least completed upper secondary, population 25+, female (%) (cumulative)",SE.SEC.CUAT.UP.FE.ZS,,,,,,,,,,,,,,,,,,,,,,,,,,,,,,,,,,,,,,,,,,,,26.90695,,,,,39.25841141,,42.76668167,,,,,63.17531967,,,,,71.67037201,
Other small states,OSS,"Educational attainment, at least completed upper secondary, population 25+, female (%) (cumulative)",SE.SEC.CUAT.UP.FE.ZS,,,,,,,,,,,,,,,,,,,,,,,,,,,,,,,,,,,,,,,,,,,,,,,,,,,,,,,,,,,,,,
Pakistan,PAK,"Educational attainment, at least completed upper secondary, population 25+, female (%) (cumulative)",SE.SEC.CUAT.UP.FE.ZS,,,,,,,,,,,,,2.599999905,,,,,,,,,,,,,,,,,,,,,,,,,,,,,,,,,3.776109934,14.58751011,,13.28411007,14.62080002,14.90841961,14.2362299,18.68638039,19.33267975,20.97232056,,20.97232056,21.41185951,7.33107996,10.13836956,,
Panama,PAN,"Educational attainment, at least completed upper secondary, population 25+, female (%) (cumulative)",SE.SEC.CUAT.UP.FE.ZS,,,,,,,,,,,,,,,,,,,,,19.96511078,,,,,,,,,,32.36249161,,,,,,,,,,35.79740906,,,,,,,,,,45.81954956,,,,,,,,,56.73947144,,
Peru,PER,"Educational attainment, at least completed upper secondary, population 25+, female (%) (cumulative)",SE.SEC.CUAT.UP.FE.ZS,,,,,,,,,,,,,9.021840096,,,,,,,,,18.49543953,,,,,,,,,,,,,,,,,,,,,,,43.31404877,40.40307999,39.71408844,42.02777863,42.07772064,42.12773895,47.64096069,48.83427048,51.19224167,51.94190979,50.64619064,51.46775055,,,53.38367844,,,
Philippines,PHL,"Educational attainment, at least completed upper secondary, population 25+, female (%) (cumulative)",SE.SEC.CUAT.UP.FE.ZS,,,,,,,,,,,15.40781021,,,,,,,,,,,,,,,,,,,,,,,,,,,,,,35.75606155,,,,52.38095093,,,,,,57.02119827,,,60.11275101,,,,,,33.22409821,,
Palau,PLW,"Educational attainment, at least completed upper secondary, population 25+, female (%) (cumulative)",SE.SEC.CUAT.UP.FE.ZS,,,,,,,,,,,,,,,,,,,,,,,,,,,,,,,,,,,,,,,,,,,,,,,,,,,,,,87.72624207,,,,,,,,
Papua New Guinea,PNG,"Educational attainment, at least completed upper secondary, population 25+, female (%) (cumulative)",SE.SEC.CUAT.UP.FE.ZS,,,,,,,,,,,,,,,,,,,,,,,,,,,,,,,,,,,,,,,,,,,,,,,,,,,,,,,,,,,,,,
Poland,POL,"Educational attainment, at least completed upper secondary, population 25+, female (%) (cumulative)",SE.SEC.CUAT.UP.FE.ZS,,,,,,,,,,,,,,,,,,,,,,,,,,,,,,,,,,,,,,,,,,,68.04299927,,,,,,75.50430298,76.80342865,77.79814148,78.65525055,79.25402069,80.14282227,80.84674835,,82.54199982,,,,85.94555664,
Pre-demographic dividend,PRE,"Educational attainment, at least completed upper secondary, population 25+, female (%) (cumulative)",SE.SEC.CUAT.UP.FE.ZS,,,,,,,,,,,,,,,,,,,,,,,,,,,,,,,,,,,,,,,,,,,,,,,,,,,,,,,,,,,,,,
Puerto Rico,PRI,"Educational attainment, at least completed upper secondary, population 25+, female (%) (cumulative)",SE.SEC.CUAT.UP.FE.ZS,,,,,,,,,,,25.3425808,,,,,,,,,,45.4991188,,,,,,,,,,,,,,,,,,,,74.32711792,,,,,77.7435379,77.47573853,77.77532959,78.67256165,,,71.77881622,71.99340057,,,,,81.85907745,,,,
"Korea, Dem. People's Rep.",PRK,"Educational attainment, at least completed upper secondary, population 25+, female (%) (cumulative)",SE.SEC.CUAT.UP.FE.ZS,,,,,,,,,,,,,,,,,,,,,,,,,,,,,,,,,,,,,,,,,,,,,,,,,,,,,,,,,,,,,,
Portugal,PRT,"Educational attainment, at least completed upper secondary, population 25+, female (%) (cumulative)",SE.SEC.CUAT.UP.FE.ZS,,,,,,,,,,,0.946389973,,,,,,,,,,,2.223680019,,,,,,,,,,7.207839966,,,,,,,14.61501026,15.18340969,15.75403976,16.52059937,17.22813034,19.09877968,20.88499069,22.1252594,23.22253036,23.2892704,23.75020981,25.02103043,26.9902401,29.09342003,31.3992691,33.47777176,35.96907043,36.70116043,38.0721817,39.38103104,39.11186981,42.20289993,44.39048004,
Paraguay,PRY,"Educational attainment, at least completed upper secondary, population 25+, female (%) (cumulative)",SE.SEC.CUAT.UP.FE.ZS,,,,,,,,,,,,,5.11864996,,,,,,,,,,9.526370049,,,,,,,,,,16.71320915,,,,,,,,,,,23.95648003,,28.83123016,26.27800941,25.54604912,28.43508911,25.17007065,,,32.24116898,36.22737122,36.70943069,38.59252167,36.92301178,,39.30891037,41.82566071,42.20357895,
West Bank and Gaza,PSE,"Educational attainment, at least completed upper secondary, population 25+, female (%) (cumulative)",SE.SEC.CUAT.UP.FE.ZS,,,,,,,,,,,,,,,,,,,,,,,,,,,,,,,,,,,,,,,,,,,,,25.36738968,,26.82448006,27.63134956,28.9788208,31.57125092,31.99752045,33.21435928,35.69549942,36.82637024,36.52273941,38.25521851,39.56740189,40.96828079,43.20212173,,47.08501816,
Pacific island small states,PSS,"Educational attainment, at least completed upper secondary, population 25+, female (%) (cumulative)",SE.SEC.CUAT.UP.FE.ZS,,,,,,,,,,,,,,,,,,,,,,,,,,,,,,,,,,,,,,,,,,,,,,,,,,,,,,,,,,,,,,
Post-demographic dividend,PST,"Educational attainment, at least completed upper secondary, population 25+, female (%) (cumulative)",SE.SEC.CUAT.UP.FE.ZS,,,,,,,,,,,,,,,,,,,,,,,,,,,,,,,,,,,,,,,,,,,,,,,,,,,,,,,,,,,,,,
French Polynesia,PYF,"Educational attainment, at least completed upper secondary, population 25+, female (%) (cumulative)",SE.SEC.CUAT.UP.FE.ZS,,,,,,,,,,,,,,,,,,,,,,,,,,,,,,,,,,,,,,,,,,,,,,,,50.75498962,,,,,,,,,,,,,,
Qatar,QAT,"Educational attainment, at least completed upper secondary, population 25+, female (%) (cumulative)",SE.SEC.CUAT.UP.FE.ZS,,,,,,,,,,,,,,,,,,,,,,,,,,,29.89999962,,,,,,,,,,,,,,,,,,52.13809967,,,59.20909119,60.64788055,61.80701828,55.4137001,53.81132889,56.64857864,55.11832047,58.0275383,,58.73033905,60.10435104,,,,
Romania,ROU,"Educational attainment, at least completed upper secondary, population 25+, female (%) (cumulative)",SE.SEC.CUAT.UP.FE.ZS,,,,,,,,,,,,,,,,,,,,,,,,,,,,,,,,,,,,,,,,,,,45.15378952,,,,,57.4336586,58.3039093,58.07376862,57.89403915,58.94766998,60.17256165,60.90525055,57.86238861,59.3979187,61.29822159,62.60895157,,64.56642151,,
Russian Federation,RUS,"Educational attainment, at least completed upper secondary, population 25+, female (%) (cumulative)",SE.SEC.CUAT.UP.FE.ZS,,,,,,,,,,,,,,,,,,,,,,,,,,,,,,,,,,,,,,,,,,,89.53363037,,,,,,,,83.93462372,,,,,,,,,,,
Rwanda,RWA,"Educational attainment, at least completed upper secondary, population 25+, female (%) (cumulative)",SE.SEC.CUAT.UP.FE.ZS,,,,,,,,,,,,,,,,,,,,,,,,,,,,,,,,,,,,,,,,,,,,,,,,,,,,,6.432290077,,6.522689819,,,,8.27011013,,,
South Asia,SAS,"Educational attainment, at least completed upper secondary, population 25+, female (%) (cumulative)",SE.SEC.CUAT.UP.FE.ZS,,,,,,,,,,,,,,,,,,,,,,,,,,,,,,,,,,,,,,,,,,,,,,,,,,,,,,,,,,,,,,
Saudi Arabia,SAU,"Educational attainment, at least completed upper secondary, population 25+, female (%) (cumulative)",SE.SEC.CUAT.UP.FE.ZS,,,,,,,,,,,,,,,,,,,,,,,,,,,,,,,,,,,,,,,,,23.4962101,,,,32.2289505,,,,,,,,,45.65668869,,,,52.6034584,,,58.82992935,
Sudan,SDN,"Educational attainment, at least completed upper secondary, population 25+, female (%) (cumulative)",SE.SEC.CUAT.UP.FE.ZS,,,,,,,,,,,,,,,,,,,,,,,,1.200000048,,,,,,,,,,,,,,,,,,,,,,,,,,,,,,,,,,,,,,
Senegal,SEN,"Educational attainment, at least completed upper secondary, population 25+, female (%) (cumulative)",SE.SEC.CUAT.UP.FE.ZS,,,,,,,,,,,,,,,,,,,,,,,,,,,,,,,,,,,,,,,,,,,,,,,2.8020401,,,,,3.255049944,,5.191949844,,,,5.008729935,,,,
Singapore,SGP,"Educational attainment, at least completed upper secondary, population 25+, female (%) (cumulative)",SE.SEC.CUAT.UP.FE.ZS,,,,,,,,,,,,,,,,,,,,,5.800000191,,,,,,,,,,10.27418995,,,,,17.74912071,,,,,,,,,,55.97066116,56.30123901,57.57479858,60.62643051,60.43603897,62.53646088,63.69417191,64.89906311,66.00791168,67.06733704,68.28350067,67.8348999,68.62731934,70.56588745,72.07383728,72.30107117,
Solomon Islands,SLB,"Educational attainment, at least completed upper secondary, population 25+, female (%) (cumulative)",SE.SEC.CUAT.UP.FE.ZS,,,,,,,,,,,,,,,,,,,,,,,,,,,,,,,,,,,,,,,,,,,,,,,,,,,,,,,,,,,,,,
Sierra Leone,SLE,"Educational attainment, at least completed upper secondary, population 25+, female (%) (cumulative)",SE.SEC.CUAT.UP.FE.ZS,,,,,,,,,,,,,,,,,,,,,,,,,,,,,,,,,,,,,,,,,,,,,6.833909988,,,,,,,,,,,,,,,,,
El Salvador,SLV,"Educational attainment, at least completed upper secondary, population 25+, female (%) (cumulative)",SE.SEC.CUAT.UP.FE.ZS,,,,,,,,,,,,,,,,,,,,,,,,,,,,,,,,,,,,,,,,,,,,,,,14.73542023,20.47470093,23.48332977,23.98801994,25.71200943,24.05590057,25.17128944,25.49143028,,,28.78013992,28.21114922,,31.18380928,31.18354034,
San Marino,SMR,"Educational attainment, at least completed upper secondary, population 25+, female (%) (cumulative)",SE.SEC.CUAT.UP.FE.ZS,,,,,,,,,,,,,,,,,,,,,,,,,,,,,,,,,,,,,,,,,,,,,,,,,,,,,,,,,,,56.03610992,,,
Somalia,SOM,"Educational attainment, at least completed upper secondary, population 25+, female (%) (cumulative)",SE.SEC.CUAT.UP.FE.ZS,,,,,,,,,,,,,,,,,,,,,,,,,,,,,,,,,,,,,,,,,,,,,,,,,,,,,,,,,,,,,,
Serbia,SRB,"Educational attainment, at least completed upper secondary, population 25+, female (%) (cumulative)",SE.SEC.CUAT.UP.FE.ZS,,,,,,,,,,,,,,,,,,,,,,,,,,,,,,,,,,,,,,,,,,,,,,,,,55.11962891,56.03635025,56.25775909,60.69945908,,60.37232971,62.42111969,65.20007324,65.83400726,66.23293304,,68.60443115,,
Sub-Saharan Africa (excluding high income),SSA,"Educational attainment, at least completed upper secondary, population 25+, female (%) (cumulative)",SE.SEC.CUAT.UP.FE.ZS,,,,,,,,,,,,,,,,,,,,,,,,,,,,,,,,,,,,,,,,,,,,,,,,,,,,,,,,,,,,,,
South Sudan,SSD,"Educational attainment, at least completed upper secondary, population 25+, female (%) (cumulative)",SE.SEC.CUAT.UP.FE.ZS,,,,,,,,,,,,,,,,,,,,,,,,,,,,,,,,,,,,,,,,,,,,,,,,,10.85494041,,,,,,,,,,,,,
Sub-Saharan Africa,SSF,"Educational attainment, at least completed upper secondary, population 25+, female (%) (cumulative)",SE.SEC.CUAT.UP.FE.ZS,,,,,,,,,,,,,,,,,,,,,,,,,,,,,,,,,,,,,,,,,,,,,,,,,,,,,,,,,,,,,,
Small states,SST,"Educational attainment, at least completed upper secondary, population 25+, female (%) (cumulative)",SE.SEC.CUAT.UP.FE.ZS,,,,,,,,,,,,,,,,,,,,,,,,,,,,,,,,,,,,,,,,,,,,,,,,,,,,,,,,,,,,,,
Sao Tome and Principe,STP,"Educational attainment, at least completed upper secondary, population 25+, female (%) (cumulative)",SE.SEC.CUAT.UP.FE.ZS,,,,,,,,,,,,,,,,,,,,,,0.853519976,,,,,,,,,,,,,,,,,,,,,,,,,,,,,,,31.7743206,,,,,,,,,
Suriname,SUR,"Educational attainment, at least completed upper secondary, population 25+, female (%) (cumulative)",SE.SEC.CUAT.UP.FE.ZS,,,,,,,,,,,,,,,,,,,,,,,,,,,,,,,,,,,,,,,,,,,,,7.810619831,,,,,,,,26.24708939,,,,,,,,,
Slovak Republic,SVK,"Educational attainment, at least completed upper secondary, population 25+, female (%) (cumulative)",SE.SEC.CUAT.UP.FE.ZS,,,,,,,,,,,,,,,,,,,,,,,,,,,,,,,,7.575759888,,,,,,,,,,42.86412811,,,,,,,,,,80.34190369,80.5858078,81.26850891,81.08267212,82.60424805,83.38897705,83.31490326,84.30564117,84.34591675,,
Slovenia,SVN,"Educational attainment, at least completed upper secondary, population 25+, female (%) (cumulative)",SE.SEC.CUAT.UP.FE.ZS,,,,,,,,,,,,,,,,,,,,,,,,,,,,,,,,9.330630302,,,,,,,,,,,,,68.03353119,67.32026672,69.51380157,69.36115265,70.08927917,71.59532928,72.30023193,73.12242126,74.52403259,75.47408295,75.31645966,76.82457733,77.29680634,78.41240692,,79.4240036,,
Sweden,SWE,"Educational attainment, at least completed upper secondary, population 25+, female (%) (cumulative)",SE.SEC.CUAT.UP.FE.ZS,,,,,,,,,,,31.09719086,,,,39.32704163,,,,,48.34714127,,,,,,,51.32009125,52.72066116,54.18584061,55.51015091,57.83050156,59.12871933,62.48775101,64.75756836,66.11859131,67.48941803,,,,,,,,,79.85900116,80.7229538,81.50554657,82.21682739,76.57550049,77.3468399,78.08766174,78.86463165,79.64441681,72.84468079,73.57752228,74.32319641,75.03083801,75.77895355,,77.17169189,,
Eswatini,SWZ,"Educational attainment, at least completed upper secondary, population 25+, female (%) (cumulative)",SE.SEC.CUAT.UP.FE.ZS,,,,,,,,,,,,,,,,,2.66779995,,,,,,,,,,12.74127007,,,,,,,,,,,,,,,,,,,,,,,,,,,,,,,,,,,
Sint Maarten (Dutch part),SXM,"Educational attainment, at least completed upper secondary, population 25+, female (%) (cumulative)",SE.SEC.CUAT.UP.FE.ZS,,,,,,,,,,,,,,,,,,,,,,,,,,,,,,,,,,,,,,,,,,,,,,,,,,,,,,,,,,,,,,
Seychelles,SYC,"Educational attainment, at least completed upper secondary, population 25+, female (%) (cumulative)",SE.SEC.CUAT.UP.FE.ZS,,,,,,,,,,,,6.804440022,,,,,,,,,,,,,,,,,,,,,,,,,,,,,,,44.17710114,,,,,,,,,,,,,,,,,,,
Syrian Arab Republic,SYR,"Educational attainment, at least completed upper secondary, population 25+, female (%) (cumulative)",SE.SEC.CUAT.UP.FE.ZS,,,,,,,,,,,,,,,,,,,,,,,,,,,,,,,,,,,,,,,,,,,6.81430006,,,,,17.21075058,17.73526001,18.88232994,,,,,,,,,,,,
Turks and Caicos Islands,TCA,"Educational attainment, at least completed upper secondary, population 25+, female (%) (cumulative)",SE.SEC.CUAT.UP.FE.ZS,,,,,,,,,,,,,,,,,,,,,,,,,,,,,,,,,,,,,,,,,,,,,,,,,,,,,,,,,,,,,,
Chad,TCD,"Educational attainment, at least completed upper secondary, population 25+, female (%) (cumulative)",SE.SEC.CUAT.UP.FE.ZS,,,,,,,,,,,,,,,,,,,,,,,,,,,,,,,,,,,,,,,,,,,,,1.662860036,,,,,1.843189955,,,,,,,,,,,,
East Asia & Pacific (IDA & IBRD countries),TEA,"Educational attainment, at least completed upper secondary, population 25+, female (%) (cumulative)",SE.SEC.CUAT.UP.FE.ZS,,,,,,,,,,,,,,,,,,,,,,,,,,,,,,,,,,,,,,,,,,,,,,,,,,,,,,,,,,,,,,
Europe & Central Asia (IDA & IBRD countries),TEC,"Educational attainment, at least completed upper secondary, population 25+, female (%) (cumulative)",SE.SEC.CUAT.UP.FE.ZS,,,,,,,,,,,,,,,,,,,,,,,,,,,,,,,,,,,,,,,,,,,,,,,,,,,,,,,,,,,,,,
Togo,TGO,"Educational attainment, at least completed upper secondary, population 25+, female (%) (cumulative)",SE.SEC.CUAT.UP.FE.ZS,,,,,,,,,,,0.100100003,,,,,,,,,,,,,,,,,,,,,,,,,,,,,,,,,,,,,,,3.305619955,,3.036319971,,,,,,,,,,
Thailand,THA,"Educational attainment, at least completed upper secondary, population 25+, female (%) (cumulative)",SE.SEC.CUAT.UP.FE.ZS,,,,,,,,,,,0.699999988,,,,,,,,,,4.080070019,,,,,,,,,,,,,,,,,,,,,,,,21.45990944,,21.24892044,,,,26.04380035,,,28.16731071,,,31.90399933,,32.64234161,35.11333084,,
Tajikistan,TJK,"Educational attainment, at least completed upper secondary, population 25+, female (%) (cumulative)",SE.SEC.CUAT.UP.FE.ZS,,,,,,,,,,,,,,,,,,,,,,,,,,,,,,71.19999695,,,,,,,,,,,73.6396637,,,,,,,,,,,,,,,,,76.2147522,,,,
Turkmenistan,TKM,"Educational attainment, at least completed upper secondary, population 25+, female (%) (cumulative)",SE.SEC.CUAT.UP.FE.ZS,,,,,,,,,,,,,,,,,,,,,,,,,,,,,,,,,,,,73.18074036,,,,,,,,,,,,,,,,,,,,,,,,,,
Latin America & the Caribbean (IDA & IBRD countries),TLA,"Educational attainment, at least completed upper secondary, population 25+, female (%) (cumulative)",SE.SEC.CUAT.UP.FE.ZS,,,,,,,,,,,,,,,,,,,,,,,,,,,,,,,,,,,,,,,,,,,,,,,,,,,,,,,,,,,,,,
Timor-Leste,TLS,"Educational attainment, at least completed upper secondary, population 25+, female (%) (cumulative)",SE.SEC.CUAT.UP.FE.ZS,,,,,,,,,,,,,,,,,,,,,,,,,,,,,,,,,,,,,,,,,,,,,,,,,,,,,,,,,,,,,,
Middle East & North Africa (IDA & IBRD countries),TMN,"Educational attainment, at least completed upper secondary, population 25+, female (%) (cumulative)",SE.SEC.CUAT.UP.FE.ZS,,,,,,,,,,,,,,,,,,,,,,,,,,,,,,,,,,,,,,,,,,,,,,,,,,,,,,,,,,,,,,
Tonga,TON,"Educational attainment, at least completed upper secondary, population 25+, female (%) (cumulative)",SE.SEC.CUAT.UP.FE.ZS,,,,,,,,,,,,,,,,,,,,,,,,,,,,,,,,,,,,,,,,,,,,,,,,,,,,55.11561966,,,,,,,,,,
South Asia (IDA & IBRD),TSA,"Educational attainment, at least completed upper secondary, population 25+, female (%) (cumulative)",SE.SEC.CUAT.UP.FE.ZS,,,,,,,,,,,,,,,,,,,,,,,,,,,,,,,,,,,,,,,,,,,,,,,,,,,,,,,,,,,,,,
Sub-Saharan Africa (IDA & IBRD countries),TSS,"Educational attainment, at least completed upper secondary, population 25+, female (%) (cumulative)",SE.SEC.CUAT.UP.FE.ZS,,,,,,,,,,,,,,,,,,,,,,,,,,,,,,,,,,,,,,,,,,,,,,,,,,,,,,,,,,,,,,
Trinidad and Tobago,TTO,"Educational attainment, at least completed upper secondary, population 25+, female (%) (cumulative)",SE.SEC.CUAT.UP.FE.ZS,,,,,,,,,,,,,,,,,,,,,6,,,,,,,,,,,,,,,,,,,,,,,,,,,,56.55479813,56.62501144,,,,,,,,,,,,
Tunisia,TUN,"Educational attainment, at least completed upper secondary, population 25+, female (%) (cumulative)",SE.SEC.CUAT.UP.FE.ZS,,,,,,,,,,,,,,,,,,,,,3.200000048,,,,,,,,,,,,,,,,,,,,,,,,,,,,,,,,,,,,,,,,,
Turkiye,TUR,"Educational attainment, at least completed upper secondary, population 25+, female (%) (cumulative)",SE.SEC.CUAT.UP.FE.ZS,,,,,,,,,,,,,,,,,,,,,,,,,,,,,,,,,,,,,,,,,,,,,14.84167957,15.64064026,16.71117973,17.38125038,20.6875,21.71693993,23.58275986,25.12799072,26.10647011,27.12208939,28.54058075,30.44696999,31.21611023,32.61719131,,35.96326828,,
Tuvalu,TUV,"Educational attainment, at least completed upper secondary, population 25+, female (%) (cumulative)",SE.SEC.CUAT.UP.FE.ZS,,,,,,,,,,,,,,,,,,,,,,,,,,,,,,,,,,,,,,,,,,,,,,,,,,,,,,,,,,,,,,
Tanzania,TZA,"Educational attainment, at least completed upper secondary, population 25+, female (%) (cumulative)",SE.SEC.CUAT.UP.FE.ZS,,,,,,,,,,,,,,,,,,,,,,,,,,,,,,,,,,,,,,,,,,,0.947380006,,,,,,,,,,2.285880089,,,,,,,,,
Uganda,UGA,"Educational attainment, at least completed upper secondary, population 25+, female (%) (cumulative)",SE.SEC.CUAT.UP.FE.ZS,,,,,,,,,,,,,,,,,,,,,,,,,,,,,,,,0.645739973,,,,,,,,,,,3.906539917,,,,,,8.741700172,,8.023599625,,6.348690033,,,,,,,,,
Ukraine,UKR,"Educational attainment, at least completed upper secondary, population 25+, female (%) (cumulative)",SE.SEC.CUAT.UP.FE.ZS,,,,,,,,,,,,,,,,,,,,,,,,,,,,,,,,,,,,,,,,,,71.11248016,,,,,,,,,,,,,,,,,,,,
Upper middle income,UMC,"Educational attainment, at least completed upper secondary, population 25+, female (%) (cumulative)",SE.SEC.CUAT.UP.FE.ZS,,,,,,,,,,,,,,,,,,,,,,,,,,,,,,,,,,,,,,,,,,,,,,,,,,,,,,,,,,,,,,
Uruguay,URY,"Educational attainment, at least completed upper secondary, population 25+, female (%) (cumulative)",SE.SEC.CUAT.UP.FE.ZS,,,,,,,,,,,,,,,,6.769380093,,,,,,,,,,8.941699982,,,,,,,,,,,11.30562973,,,,,,,36.63954926,,,26.89705086,,29.7360096,30.28932953,29.72973061,30.07587051,30.87052917,30.59482002,31.60844994,32.12842941,32.07183075,33.44087982,33.78411102,35.04906845,,
United States,USA,"Educational attainment, at least completed upper secondary, population 25+, female (%) (cumulative)",SE.SEC.CUAT.UP.FE.ZS,,,,,,,,,,,,,,,,,,,,,,,,,,,,,,,,,,,,,,,,,,,,,85.43373108,85.4364624,86.3811264,,87.22640228,87.13266754,87.66014862,88.04637146,88.03672791,88.62399292,88.85883331,88.75894165,89.59838867,,90.15920258,,91.30084991,
Uzbekistan,UZB,"Educational attainment, at least completed upper secondary, population 25+, female (%) (cumulative)",SE.SEC.CUAT.UP.FE.ZS,,,,,,,,,,,,,,,,,,,,,,,,,,,,,,,,,,,,,,,,,,,,,,,,,,,,,,89.76049805,90.17484283,90.30005646,91.02838898,,95.27513885,95.8122406,,
St. Vincent and the Grenadines,VCT,"Educational attainment, at least completed upper secondary, population 25+, female (%) (cumulative)",SE.SEC.CUAT.UP.FE.ZS,,,,,,,,,,,,,,,,,,,,,,,,,,,,,,,,,,,,,,,,,,,,,,,,,,,,,,,,,,,,,,
"Venezuela, RB",VEN,"Educational attainment, at least completed upper secondary, population 25+, female (%) (cumulative)",SE.SEC.CUAT.UP.FE.ZS,,,,,,,,,,,,,,,,,,,,,,,,,,,,,,,,,,,,,,,,,,,,,,,37.54130173,42.65914917,44.66505814,46.46691132,,,,,,59.69337845,65.1763916,,,,,
British Virgin Islands,VGB,"Educational attainment, at least completed upper secondary, population 25+, female (%) (cumulative)",SE.SEC.CUAT.UP.FE.ZS,,,,,,,,,,,,,,,,,,,,,,,,,,,,,,,,21.26505089,,,,,,,,,,,,,,,,,,,,,,,,,,,,,,
Virgin Islands (U.S.),VIR,"Educational attainment, at least completed upper secondary, population 25+, female (%) (cumulative)",SE.SEC.CUAT.UP.FE.ZS,,,,,,,,,,,,,,,,,,,,,,,,,,,,,,,,,,,,,,,,,,,,,,,,,,,,,,,,,,,,,,
Vietnam,VNM,"Educational attainment, at least completed upper secondary, population 25+, female (%) (cumulative)",SE.SEC.CUAT.UP.FE.ZS,,,,,,,,,,,,,,,,,,,,19.06361961,,,,,,,,,,,,,,,,,,,,,,,,,,,,,,21.43750954,,,,,,,,,,29.52684021,,
Vanuatu,VUT,"Educational attainment, at least completed upper secondary, population 25+, female (%) (cumulative)",SE.SEC.CUAT.UP.FE.ZS,,,,,,,,,,,,,,,,,,,,5.199999809,,,,,,,,,,,,,,,,,,,,,,,,,,,,,,,,,,,,,,,,,,
World,WLD,"Educational attainment, at least completed upper secondary, population 25+, female (%) (cumulative)",SE.SEC.CUAT.UP.FE.ZS,,,,,,,,,,,,,,,,,,,,,,,,,,,,,,,,,,,,,,,,,,,,,,,,,,,,,,,,,,,,,,
Samoa,WSM,"Educational attainment, at least completed upper secondary, population 25+, female (%) (cumulative)",SE.SEC.CUAT.UP.FE.ZS,,,,,,,,,,,,4.526899815,,,,,6.800000191,,,,,28.28902054,,,,,,,,,,,,,,,,,,,,65.32012939,,,,,,,,,,74.63024139,,,,,,,,,,
Kosovo,XKX,"Educational attainment, at least completed upper secondary, population 25+, female (%) (cumulative)",SE.SEC.CUAT.UP.FE.ZS,,,,,,,,,,,,,,,,,,,,,,,,,,,,,,,,,,,,,,,,,,,,,,,,,,,,,,,,,,,,,,
"Yemen, Rep.",YEM,"Educational attainment, at least completed upper secondary, population 25+, female (%) (cumulative)",SE.SEC.CUAT.UP.FE.ZS,,,,,,,,,,,,,,,,,,,,,,,,,,,,,,,,,,,,,,,,,,,,,,,,,,,,,,,,,,,,,,
South Africa,ZAF,"Educational attainment, at least completed upper secondary, population 25+, female (%) (cumulative)",SE.SEC.CUAT.UP.FE.ZS,,,,,,,,,,,9.058070183,,,,,,,,,,,,,,,7.753129959,,,,,,,,,,,,,,,,25.35955048,45.49819946,47.16231155,48.61180878,48.79795837,49.17341995,50.01156998,51.64524841,55.27593994,56.05413818,57.95431137,59.81890869,,62.79687119,62.79679108,,60.47858047,,54.32281113,,
Zambia,ZMB,"Educational attainment, at least completed upper secondary, population 25+, female (%) (cumulative)",SE.SEC.CUAT.UP.FE.ZS,,,,,,,,,,,,,,,,,,,,,,,,,,,,,,,8.874480247,,,,,,,,,,,,,,,,,,,,,,,,,,,,,,,
Zimbabwe,ZWE,"Educational attainment, at least completed upper secondary, population 25+, female (%) (cumulative)",SE.SEC.CUAT.UP.FE.ZS,,,,,,,,,,,,,,,,,,,,,,,,,,,,,,,,,,,,,,,,,,,6.310090065,,,,,,,,,,3.938879967,,12.0021801,,,9.358050346,,,,
